Input,Username,User ID
joey.bruggeman,joey.bruggeman,8644134955
namqvu,namqvu,16034290252
ecomdano,ecomdano,2000344900
jeffreyschipper_,jeffreyschipper_,520364982
mikeyuenofficial,mikeyuenofficial,2306430837
rubenonuha,rubenonuha,43643037511
daniel.spurman,daniel.spurman,239056205
joshuakaats,joshuakaats,2261802699
thomasvdleck,thomasvdleck,15480505558
bram_ramakers,bram_ramakers,1787026353
rafasoaresstart,rafasoaresstart,6066645455
brendon.jorssen,brendon.jorssen,46243605573
davis_lookbook,davis_lookbook,4057117444
juniornatabou_,juniornatabou_,6848340576
theowallston,theowallston,564167492
bilalcheriff_,bilalcheriff_,8693387928
luca.ecom,luca.ecom,5816700196
anthony_suissa,anthony_suissa,1377635529
gabriel.ptomaz,gabriel.ptomaz,2312516450
tannermayez,tannermayez,1628053557
mariustroe13,mariustroe13,2249706302
ecomplaybook,ecomplaybook,7803565172
realnazerati,realnazerati,23522730239
jorisslomp,jorisslomp,30412403809
kylelovespow,kylelovespow,643161263
danielferl,danielferl,247870513
gili_goldmine,gili_goldmine,39441648481
renan.ecom,renan.ecom,348399021
rafaunon,rafaunon,706824522
tbh.alpha,tbh.alpha,8604822528
evy.smn,evy.smn,49154374587
yassinbaum,yassinbaum,45650298563
connermark_,connermark_,2277319376
yannmrn_69,yannmrn_69,1281519208
florishendrickx,florishendrickx,27947708
bhupal.c54,bhupal.c54,47920598401
itsmassiveactioncody,itsmassiveactioncody,6618803351
jeffreyzuurveld,jeffreyzuurveld,298223295
jimmy.jaspers,jimmy.jaspers,30283724897
cockpitlab,cockpitlab,49660897438
juanduarte07,juanduarte07,404220702
josh_velaz,josh_velaz,2005695744
thaisnbarbosa,thaisnbarbosa,208085439
soutiovini,soutiovini,37718929685
naser_mestour,naser_mestour,4852149297
joris_z,joris_z,2273643202
florian_vanesch,florian_vanesch,7181190518
